"n","obj","inbounds","TTPLNTEM","CHUPIBASE","TT_POPGROWTH","POPTT16","TBASE_STKEX"
1,3.81328998372796,TRUE,80,1050,600,13.3,16
1,3.81328998372796,TRUE,80,1050,600,13.3,16
2,4.15259554375333,TRUE,91.8125,1050,600,13.3,16
3,3.81328998372796,TRUE,80,1120.875,600,13.3,16
4,3.93691446439975,TRUE,80,1050,647.25,13.3,16
5,3.2361375511557,TRUE,80,1050,600,13.93,16
6,3.81328998372796,TRUE,80,1050,600,13.3,16.7875
7,3.61569087450794,TRUE,68.1875,1078.35,618.9,13.552,16.315
8,3.6870198670471,TRUE,74.09375,1071.2625,614.175,13.489,16.23625
