"n","obj","inbounds","TTPLNTEM","CHUPIBASE","TT_POPGROWTH","POPTT16","TBASE_STKEX"
1,3.81328998372796,TRUE,80,1050,600,13.3,16
1,3.81328998372796,TRUE,80,1050,600,13.3,16
2,4.15259554375333,TRUE,91.8125,1050,600,13.3,16
3,3.81328998372796,TRUE,80,1120.875,600,13.3,16
