"cv","model","bias","mse","rmse","mae","rrmse","rmae","ef","r","r2","d","cc","a","b","mi.sim","sd.sim","cv.sim","mi.obs","sd.obs","cv.obs","n"
"CTC2","t.ad",-0.19075,1.78367775,1.3355439902901,1.22225,0.0772213929048916,0.0691071302995329,0.524330402085431,0.733592160157358,0.538157457444339,0.819305288192387,0.673699791923169,8.61156476968925,0.491048582267173,17.10425,1.49673408348533,0.0875065602692506,17.295,2.23601580197159,0.129286834459184,4
